User,Group,Language Group,Individual,Task,Media Condition,Trial,Order in Total,Gender,User Spoken Language,0.0(threshold)_UnitMotion_time (second),0.05_(threshold)_UnitMotion_time (second),0.1_(threshold)_UnitMotion_time (second),percenatge of 0.1 th gesture usage time,0.15_(threshold)_UnitMotion_time (second),percenatge of 0.15 th gesture usage time,0.2_(threshold)_UnitMotion_time (second),percenatge of 0.2 th gesture usage time,0.25_(threshold)_UnitMotion_time (second),percenatge of 0.25 th gesture usage time,0.3_(threshold)_UnitMotion_time (second),percenatge of 0.3 th gesture usage time,0.35_(threshold)_UnitMotion_time (second),percenatge of 0.35 th gesture usage time,0.4_(threshold)_UnitMotion_time (second),percenatge of 0.4 th gesture usage time,0.45_(threshold)_UnitMotion_time (second),0.5_(threshold)_UnitMotion_time (second),0.1_threshold_UnitMotion_averageTime,0.15_threshold_UnitMotion_averageTime,0.2_threshold_UnitMotion_averageTime,0.25_threshold_UnitMotion_averageTime,0.3_threshold_UnitMotion_averageTime,0.35_threshold_UnitMotion_averageTime,0.4_threshold_UnitMotion_averageTime
1A,1,E-L1 vs E-L2,U1,wing,F,1,5,M,Non-Native,604.555,287.732,383.279,0.638798333,277.652,0.462753333,193.12,0.321866667,246.395,0.410658333,1.576,0.002626667,0,0,0,0,0,0,5.988734375,9.255066667,14.85538462,49.279,0.788,0,0
1B,1,E-L1 vs E-L2,U2,wing,F,1,5,M,Native,604.574,291.328,250.572,0.41762,188.915,0.314858333,409.305,0.682175,180.924,0.30154,180.924,0.30154,0,0,0,0,0,0,0.888553192,2.623819444,51.163125,180.924,180.924,0,0
1A,1,E-L1 vs E-L2,U1,thumb,V,2,5,M,Non-Native,603.84,270.583,173.643,0.289405,261.067,0.435111667,160.317,0.267195,167.235,0.278725,132.863,0.221438333,0,0,0,0,0,0,3.215611111,10.44268,13.35975,55.745,132.863,0,0
1B,1,E-L1 vs E-L2,U2,thumb,V,2,5,M,Native,604.28,268.31,211.794,0.35299,242.363,0.403938333,298.617,0.497695,265.246,0.442076667,405.379,0.675631667,231.422,0.385703333,0.199,0.000331667,190.393,0,0.75911828,2.524614583,7.109928571,14.73588889,40.5379,46.2844,0.0995
1A,1,E-L1 vs E-L2,U1,eye,A,3,5,M,Non-Native,603.585,297.622,304.303,0.507171667,188.965,0.314941667,228.401,0.380668333,37.036,0.061726667,0,0,0,0,0,0,0,0,8.950088235,14.53576923,45.6802,37.036,0,0,0
1B,1,E-L1 vs E-L2,U2,eye,A,3,5,M,Native,603.664,240.944,325.505,0.542508333,225.843,0.376405,91.064,0.151773333,226.81,0.378016667,0,0,0,0,0,0,0,0,32.5505,45.1686,91.064,226.81,0,0,0
2A,2,E-L1 vs E-L2,U1,thumb,F,1,13,M,Native,604.56,294.922,286.106,0.476843333,320.603,0.534338333,472.933,0.788221667,196.3,0.327166667,565.089,0.941815,309.589,0.515981667,0,0,0,0,1.973144828,7.286431818,29.5583125,24.5375,141.27225,309.589,0
2B,2,E-L1 vs E-L2,U2,thumb,F,1,13,F,Non-Native,604.57,291.037,266.006,0.443343333,228.964,0.381606667,159.059,0.265098333,260.14,0.433566667,337.985,0.563308333,163.341,0.272235,0,0,0,0,1.486067039,4.770083333,11.36135714,37.16285714,112.6616667,163.341,0
2A,2,E-L1 vs E-L2,U1,eye,V,2,13,M,Native,604.438,263.968,343.795,0.572991667,385.365,0.642275,420.572,0.700953333,142.227,0.237045,212.763,0.354605,300.516,0.50086,300.516,0.50086,0.097,0.097,1.975833333,7.7073,22.13536842,20.31814286,70.921,150.258,150.258
2B,2,E-L1 vs E-L2,U2,eye,V,2,13,F,Non-Native,603.807,338.165,278.227,0.463711667,217.07,0.361783333,147.63,0.24605,241.566,0.40261,181.3,0.302166667,159.335,0.265558333,184.968,0.30828,0,0,2.030854015,4.019814815,8.684117647,34.50942857,45.325,53.11166667,184.968
2A,2,E-L1 vs E-L2,U1,wing,A,3,13,M,Native,604.563,198.611,273.499,0.455831667,283.98,0.4733,267.111,0.445185,222.637,0.371061667,195.543,0.325905,0,0,0,0,0,0,7.197342105,17.74875,33.388875,111.3185,195.543,0,0
2B,2,E-L1 vs E-L2,U2,wing,A,3,13,F,Non-Native,604.562,283.03,214.943,0.358238333,225.315,0.375525,234.755,0.391258333,394.122,0.65687,0,0,0,0,0,0,0,0,6.71696875,25.035,58.68875,197.061,0,0,0
3A,3,E-L1 vs E-L2,U1,eye,F,1,8,M,Native,602.551,312.886,253.885,0.423141667,355.447,0.592411667,336.796,0.561326667,426.918,0.71153,286.776,0.47796,16.647,0.027745,0,0,0,0,1.557576687,4.616194805,7.832465116,17.07672,22.05969231,3.3294,0
3B,3,E-L1 vs E-L2,U2,eye,F,1,8,F,Non-Native,602.566,289.31,192.342,0.32057,277.851,0.463085,387.53,0.645883333,265.418,0.442363333,223.683,0.372805,252.134,0.420223333,132.602,0.221003333,0,0,1.158686747,3.121921348,8.424565217,10.20838462,17.20638462,42.02233333,66.301
3A,3,E-L1 vs E-L2,U1,wing,V,2,8,M,Native,602.393,284.086,217.472,0.362453333,238.608,0.39768,304.147,0.506911667,324.08,0.540133333,252.622,0.421036667,167.284,0.278806667,281.605,0.469341667,28.15,0.303,1.449813333,4.77216,13.22378261,20.255,31.57775,33.4568,56.321
3B,3,E-L1 vs E-L2,U2,wing,V,2,8,F,Non-Native,602.44,191.958,346.673,0.577788333,227.796,0.37966,218.898,0.36483,246.608,0.411013333,325.629,0.542715,22.512,0.03752,29.274,0.04879,0,0,2.58711194,3.451454545,7.548206897,14.50635294,65.1258,7.504,29.274
3A,3,E-L1 vs E-L2,U1,thumb,A,3,8,M,Native,602.588,296.824,236.884,0.394806667,292.608,0.48768,279.57,0.46595,287.955,0.479925,168.472,0.280786667,168.44,0.280733333,0,0,0,0,1.122672986,4.572,12.70772727,35.994375,84.236,84.22,0
3B,3,E-L1 vs E-L2,U2,thumb,A,3,8,F,Non-Native,602.566,230.978,188.573,0.314288333,185.277,0.308795,329.228,0.548713333,272.485,0.454141667,1.594,0.002656667,0,0,0,0,0,0,1.848754902,5.007486486,20.57675,54.497,1.594,0,0
4A,4,E-L1 vs E-L2,U1,wing,F,1,16,M,Native,604.559,327.736,338.875,0.564791667,290.903,0.484838333,246.486,0.41081,109.448,0.182413333,112.282,0.187136667,115.752,0.19292,0,0,0,0,5.945175439,20.77878571,49.2972,54.724,112.282,115.752,0
4B,4,E-L1 vs E-L2,U2,wing,F,1,16,F,Non-Native,604.599,249.618,282.974,0.471623333,320.084,0.533473333,382.182,0.63697,198.312,0.33052,0,0,0,0,0,0,0,0,6.580790698,15.24209524,54.59742857,198.312,0,0,0
4A,4,E-L1 vs E-L2,U1,thumb,A,2,16,M,Native,604.59,279.547,159.662,0.266103333,216.111,0.360185,208.453,0.347421667,179.385,0.298975,101.542,0.169236667,5.975,0.009958333,4.782,0.00797,0.983,0,2.801087719,8.311961538,14.8895,16.30772727,10.1542,0.663888889,0.797
4B,4,E-L1 vs E-L2,U2,thumb,A,2,16,F,Non-Native,604.559,254.968,246.385,0.410641667,317.492,0.529153333,348.537,0.580895,43.21,0.072016667,0,0,0,0,0,0,0,0,3.285133333,9.921625,31.68518182,21.605,0,0,0
4A,4,E-L1 vs E-L2,U1,eye,V,3,16,M,Native,605.057,311.369,257.757,0.429595,141.377,0.235628333,194.252,0.323753333,228.53,0.380883333,202.26,0.3371,200.958,0.33493,24.476,0.040793333,143.866,136.142,2.16602521,3.213113636,7.194518519,14.283125,15.55846154,16.7465,2.719555556
4B,4,E-L1 vs E-L2,U2,eye,V,3,16,F,Non-Native,605.399,321.697,136.172,0.226953333,165.63,0.27605,266.183,0.443638333,216.881,0.361468333,386.903,0.644838333,275.294,0.458823333,61.714,0.102856667,0.067,0,1.640626506,4.246923077,12.09922727,15.4915,55.27185714,91.76466667,30.857
5A,5,E-L1 vs E-L2,U1,eye,F,1,4,F,Non-Native,604.561,310.442,218.225,0.363708333,355.102,0.591836667,272.118,0.45353,427.775,0.712958333,217.988,0.363313333,383.256,0.63876,88.125,0.146875,88.125,294.541,2.11868932,7.246979592,10.88472,30.55535714,24.22088889,63.876,44.0625
5B,5,E-L1 vs E-L2,U2,eye,F,1,4,F,Native,604.567,199.321,273.461,0.455768333,280.793,0.467988333,312.448,0.520746667,280.662,0.46777,480.618,0.80103,14.051,0.023418333,0,0,0,0,1.353767327,2.894773196,7.266232558,20.04728571,120.1545,14.051,0
5A,5,E-L1 vs E-L2,U1,wing,A,2,4,F,Non-Native,604.632,322.394,312.098,0.520163333,62.357,0.103928333,8.178,0.01363,8.077,0.013461667,99.44,0.165733333,0,0,0,0,0,0,18.35870588,10.39283333,2.726,4.0385,99.44,0,0
5B,5,E-L1 vs E-L2,U2,wing,A,2,4,F,Native,604.628,283.773,401.259,0.668765,371.661,0.619435,289.676,0.482793333,291.238,0.485396667,217.627,0.362711667,0,0,0,0,0,0,6.369190476,16.89368182,28.9676,48.53966667,108.8135,0,0
5A,5,E-L1 vs E-L2,U1,thumb,V,3,4,F,Non-Native,604.334,269.814,273.315,0.455525,264.929,0.441548333,230.746,0.384576667,339.376,0.565626667,346.633,0.577721667,367.474,0.612456667,224.494,0.374156667,275.513,0,0.815865672,1.68744586,3.076613333,9.427111111,23.10886667,52.49628571,224.494
5B,5,E-L1 vs E-L2,U2,thumb,V,3,4,F,Native,604.033,267.673,341.074,0.568456667,372.938,0.621563333,322.823,0.538038333,268.815,0.448025,173.656,0.289426667,0.068,0.000113333,0.068,0.000113333,0.068,0.068,1.671931373,3.45312963,6.208134615,16.8009375,57.88533333,0.068,0.068
6A,6,E-L1 vs E-L2,U1,thumb,F,1,1,F,Non-Native,604.595,256.997,318.744,0.53124,243.67,0.406116667,218.687,0.364478333,267.409,0.445681667,268.948,0.448246667,236.402,0.394003333,154.501,0.257501667,0,0,1.442280543,3.431971831,7.81025,15.72994118,38.42114286,47.2804,77.2505
6B,6,E-L1 vs E-L2,U2,thumb,F,1,1,M,Native,604.562,198.808,274.825,0.458041667,302.222,0.503703333,323.54,0.539233333,314.783,0.524638333,367.476,0.61246,41.81,0.069683333,339.697,0.566161667,0,0,0.954253472,2.14341844,4.313866667,11.24225,45.9345,20.905,339.697
6A,6,E-L1 vs E-L2,U1,eye,A,2,1,F,Non-Native,603.436,293.497,291.626,0.486043333,316.613,0.527688333,279.58,0.465966667,393.132,0.65522,138.501,0.230835,162.82,0.271366667,194.059,0.323431667,0.228,0.147,1.220192469,2.852369369,4.9925,13.1044,8.147117647,18.09111111,38.8118
6B,6,E-L1 vs E-L2,U2,eye,A,2,1,M,Native,603.555,72.722,95.905,0.159841667,160.333,0.267221667,205.31,0.342183333,280.666,0.467776667,234.523,0.390871667,43.208,0.072013333,0.822,0.00137,98.28,44.925,1.880490196,5.01040625,8.926521739,15.59255556,18.04023077,4.800888889,0.117428571
6A,6,E-L1 vs E-L2,U1,wing,V,3,1,F,Non-Native,603.596,218.207,343.644,0.57274,183.916,0.306526667,349.855,0.583091667,212.331,0.353885,181.161,0.301935,275.392,0.458986667,435.814,0.726356667,308.736,577.917,2.03339645,1.735056604,4.792534247,4.517680851,7.548375,19.67085714,48.42377778
6B,6,E-L1 vs E-L2,U2,wing,V,3,1,M,Native,604.109,289.22,323.041,0.538401667,280.121,0.466868333,217.704,0.36284,211.96,0.353266667,218.372,0.363953333,90.21,0.15035,108.785,0.181308333,40.809,254.436,1.098778912,1.58260452,1.961297297,3.028,5.326146341,3.469615385,6.7990625
7A,7,E-L1 vs E-L2,U1,wing,V,1,14,M,Non-Native,603.899,270.253,279.708,0.46618,323.464,0.539106667,211.662,0.35277,384.659,0.641098333,60.7,0.101166667,60.497,0.100828333,60.497,0.100828333,0,0,2.237664,11.55228571,16.28169231,64.10983333,20.23333333,30.2485,30.2485
7B,7,E-L1 vs E-L2,U2,wing,V,1,14,M,Native,604.415,303.82,251.441,0.419068333,295.449,0.492415,120.686,0.201143333,71.92,0.119866667,20.437,0.034061667,161.121,0.268535,15.111,0.025185,0.171,1.908,1.030495902,3.143074468,2.462979592,2.8768,1.362466667,17.90233333,2.158714286
7A,7,E-L1 vs E-L2,U1,thumb,F,2,14,M,Non-Native,603.594,282.66,284.248,0.473746667,244.974,0.40829,384.507,0.640845,343.659,0.572765,211.751,0.352918333,235.953,0.393255,0,0,0,0,1.414169154,3.02437037,12.40345161,20.21523529,30.25014286,117.9765,0
7B,7,E-L1 vs E-L2,U2,thumb,F,2,14,M,Native,603.562,299.273,313.495,0.522491667,262.225,0.437041667,305.063,0.508438333,383.964,0.63994,235.521,0.392535,261.171,0.435285,135.182,0.225303333,0,0,1.37497807,4.162301587,13.8665,42.66266667,39.2535,261.171,135.182
7A,7,E-L1 vs E-L2,U1,eye,A,3,14,M,Non-Native,604.558,196.831,286.24,0.477066667,264.037,0.440061667,273.309,0.455515,345.561,0.575935,209.815,0.349691667,0,0,0,0,0,0,1.350188679,2.422357798,8.0385,86.39025,209.815,0,0
7B,7,E-L1 vs E-L2,U2,eye,A,3,14,M,Native,604.562,238.301,354.897,0.591495,306.3,0.5105,262.601,0.437668333,234.786,0.39131,30.665,0.051108333,0,0,0,0,0,0,4.609051948,13.3173913,21.88341667,58.6965,30.665,0,0
8A,8,E-L1 vs E-L2,U1,thumb,V,1,17,F,Native,604.737,333.322,165.509,0.275848333,295.223,0.492038333,304.665,0.507775,344.585,0.574308333,120.329,0.200548333,110.497,0.184161667,23.02,0.038366667,2.159,0.088,1.902402299,7.769026316,13.24630435,21.5365625,12.0329,18.41616667,4.604
8B,8,E-L1 vs E-L2,U2,thumb,V,1,17,M,Non-Native,604.163,335.355,301.909,0.503181667,250.883,0.418138333,316.824,0.52804,141.637,0.236061667,247.381,0.412301667,0.065,0.000108333,0,0,0,0,2.012726667,4.112836066,15.08685714,17.704625,82.46033333,0.065,0
8A,8,E-L1 vs E-L2,U1,eye,F,2,17,F,Native,604.557,318.831,367.942,0.613236667,418.714,0.697856667,0.069,0.000115,0.069,0.000115,0,0,0,0,0,0,0,0,7.075807692,41.8714,0.069,0.069,0,0,0
8B,8,E-L1 vs E-L2,U2,eye,F,2,17,M,Non-Native,604.567,278.401,248.693,0.414488333,307.02,0.5117,267.737,0.446228333,266.412,0.44402,139.414,0.232356667,0,0,0,0,0,0,2.391278846,9.03,19.12407143,44.402,139.414,0,0
8A,8,E-L1 vs E-L2,U1,wing,A,3,17,F,Native,604.564,311.98,230.887,0.384811667,192.328,0.320546667,69.304,0.115506667,75.749,0.126248333,0,0,0,0,0,0,0,0,4.356358491,12.82186667,17.326,75.749,0,0,0
8B,8,E-L1 vs E-L2,U2,wing,A,3,17,M,Non-Native,604.568,296.61,257.555,0.429258333,180.467,0.300778333,330.993,0.551655,91.631,0.152718333,71.512,0.119186667,0,0,0,0,0,0,0.894288194,1.860484536,41.374125,45.8155,71.512,0,0
9A,9,E-L1 vs E-L2,U1,eye,V,1,3,F,Native,604.624,323.773,232.984,0.388306667,343.015,0.571691667,192.84,0.3214,173.185,0.288641667,289.305,0.482175,258.346,0.430576667,0,0,0,0,1.532789474,5.813813559,7.416923077,12.37035714,57.861,129.173,0
9B,9,E-L1 vs E-L2,U2,eye,V,1,3,M,Non-Native,603.867,249.825,295.993,0.493321667,194.278,0.323796667,350.455,0.584091667,294.028,0.490046667,362.03,0.603383333,129.251,0.215418333,0.136,0.000226667,0.136,0,2.690845455,4.317288889,16.68833333,26.72981818,72.406,43.08366667,0.068
9A,9,E-L1 vs E-L2,U1,wing,F,2,3,F,Native,604.596,294.003,212.831,0.354718333,311.34,0.5189,175.729,0.292881667,161.272,0.268786667,277.389,0.462315,41.246,0.068743333,29.301,0.048835,29.301,0.07,1.788495798,6.2268,7.987681818,11.51942857,34.673625,10.3115,14.6505
9B,9,E-L1 vs E-L2,U2,wing,F,2,3,M,Non-Native,604.569,201.3,302.71,0.504516667,321.6,0.536,366.56,0.610933333,221.73,0.36955,48.85,0.081416667,0,0,0,0,0,0,3.088877551,10.72,28.19692308,73.91,48.85,0,0
9A,9,E-L1 vs E-L2,U1,thumb,A,3,3,F,Native,604.626,301.791,258.482,0.430803333,252.347,0.420578333,80.285,0.133808333,80.285,0.133808333,76.402,0.127336667,116.686,0.194476667,0,0,0,0,3.493,14.84394118,20.07125,20.07125,38.201,116.686,0
9B,9,E-L1 vs E-L2,U2,thumb,A,3,3,M,Non-Native,604.637,228.234,235.774,0.392956667,286.17,0.47695,229.648,0.382746667,282,0.47,16.32,0.0272,0,0,0,0,0,0,1.660380282,7.734324324,20.87709091,94,16.32,0,0
10A,10,E-L1 vs E-L2,U1,eye,V,1,7,M,Native,604.074,257.554,186.514,0.310856667,173.431,0.289051667,165.735,0.276225,113.16,0.1886,138.201,0.230335,209.093,0.348488333,83.911,0.139851667,180.488,157.497,0.832651786,1.265919708,1.60907767,1.488947368,2.512745455,5.974085714,4.416368421
10B,10,E-L1 vs E-L2,U2,eye,V,1,7,F,Non-Native,604.599,274.699,181.464,0.30244,270.165,0.450275,260.766,0.43461,509.205,0.848675,68.034,0.11339,0,0,0,0,0,0,1.048924855,2.874095745,6.208714286,33.947,17.0085,0,0
10A,10,E-L1 vs E-L2,U1,wing,A,2,7,M,Native,603.59,246.357,387.494,0.645823333,318.426,0.53071,212.757,0.354595,91.432,0.152386667,56.328,0.09388,122.558,0.204263333,0,0,0,0,3.369513043,6.123576923,7.879888889,7.033230769,14.082,122.558,0
10B,10,E-L1 vs E-L2,U2,wing,A,2,7,F,Non-Native,604.242,196.742,267.679,0.446131667,325.713,0.542855,423.761,0.706268333,196.511,0.327518333,411.767,0.686278333,363.989,0.606648333,117.518,0.195863333,0,0,2.368840708,6.031722222,15.13432143,14.0365,68.62783333,181.9945,117.518
10A,10,E-L1 vs E-L2,U1,thumb,F,3,7,M,Native,603.556,273.557,257.696,0.429493333,303.164,0.505273333,289.112,0.481853333,293.621,0.489368333,429.688,0.716146667,368.885,0.614808333,169.982,0.283303333,0,0,1.096578723,2.943339806,6.151319149,15.45373684,85.9376,122.9616667,84.991
10B,10,E-L1 vs E-L2,U2,thumb,F,3,7,F,Non-Native,603.572,205.142,286.871,0.478118333,160.086,0.26681,232.838,0.388063333,392.096,0.653493333,55.128,0.09188,7.011,0.011685,0,0,0,0,1.471133333,1.819159091,5.82095,28.00685714,11.0256,3.5055,0
11A,11,E-L1 vs E-L2,U1,wing,V,1,2,M,Native,603.596,301.692,287.937,0.479895,218.442,0.36407,247.703,0.412838333,169.857,0.283095,273.812,0.456353333,190.331,0.317218333,201.118,0.335196667,0.105,0.105,1.766484663,2.631831325,4.587092593,4.995794118,17.11325,27.19014286,100.559
11B,11,E-L1 vs E-L2,U2,wing,V,1,2,F,Non-Native,603.671,172.382,274.572,0.45762,330.13,0.550216667,339.37,0.565616667,232.896,0.38816,62.265,0.103775,0,0,0,0,0,0,3.308096386,9.170277778,19.96294118,23.2896,31.1325,0,0
11A,11,E-L1 vs E-L2,U1,thumb,A,2,2,M,Native,603.558,293.248,315.666,0.52611,262.605,0.437675,130.912,0.218186667,164.839,0.274731667,0,0,0,0,0,0,0,0,2.321073529,7.294583333,11.90109091,32.9678,0,0,0
11B,11,E-L1 vs E-L2,U2,thumb,A,2,2,F,Non-Native,603.635,326.229,305.515,0.509191667,378.024,0.63004,399.137,0.665228333,187.098,0.31183,0,0,0,0,0,0,0,0,6.1103,18.9012,57.01957143,93.549,0,0,0
11A,11,E-L1 vs E-L2,U1,eye,F,3,2,M,Native,604.601,322.623,237.003,0.395005,303.456,0.50576,242.915,0.404858333,362.704,0.604506667,98.545,0.164241667,96.39,0.16065,106.177,0.176961667,202.813,0,2.443329897,7.780923077,12.14575,27.90030769,14.07785714,24.0975,53.0885
11B,11,E-L1 vs E-L2,U2,eye,F,3,2,F,Non-Native,604.608,138.426,348.718,0.581196667,442.122,0.73687,303.738,0.50623,395.316,0.65886,227.376,0.37896,0,0,0,0,0,0,4.252658537,13.39763636,17.86694118,49.4145,75.792,0,0
12A,12,E-L1 vs E-L2,U1,thumb,V,1,6,F,Non-Native,603.971,242.186,263.467,0.439111667,272.377,0.453961667,253.813,0.423021667,203.676,0.33946,160.781,0.267968333,148.76,0.247933333,58.034,0.096723333,166.117,60.944,1.254604762,2.619009615,3.845651515,4.333531915,4.872151515,6.761818182,4.145285714
12B,12,E-L1 vs E-L2,U2,thumb,V,1,6,F,Native,603.429,274.261,276.569,0.460948333,243.514,0.405856667,223.833,0.373055,254.776,0.424626667,176.995,0.294991667,264.379,0.440631667,549.161,0.915268333,0.058,0.801,2.033595588,3.162519481,5.595825,14.15422222,19.66611111,66.09475,274.5805
12A,12,E-L1 vs E-L2,U1,eye,A,2,6,F,Non-Native,604.585,182.736,187.069,0.311781667,294.34,0.490566667,275.432,0.459053333,303.154,0.505256667,71.007,0.118345,218.797,0.364661667,0,0,0,0,1.798740385,7.3585,14.49642105,43.30771429,23.669,218.797,0
12B,12,E-L1 vs E-L2,U2,eye,A,2,6,F,Native,604.605,338.366,273.306,0.45551,319.995,0.533325,291.777,0.486295,231.381,0.385635,0.168,0.00028,0,0,0,0,0,0,2.397421053,6.3999,11.22219231,21.03463636,0.168,0,0
12A,12,E-L1 vs E-L2,U1,wing,F,3,6,F,Non-Native,603.55,299.149,341.311,0.568851667,191.288,0.318813333,351.858,0.58643,218.214,0.36369,527.687,0.879478333,0.1,0.000166667,117.857,0.196428333,117.857,0,1.854951087,2.942892308,18.51884211,27.27675,175.8956667,0.1,117.857
12B,12,E-L1 vs E-L2,U2,wing,F,3,6,F,Native,603.559,308.662,313.842,0.52307,339.841,0.566401667,322.368,0.53728,295.012,0.491686667,219.236,0.365393333,135.603,0.226005,0,0,0,0,1.937296296,4.144402439,7.163733333,14.7506,43.8472,135.603,0
13A,13,E-L1 vs E-L2,U1,eye,A,1,9,F,Non-Native,603.597,237.771,245.563,0.409271667,343.765,0.572941667,333.866,0.556443333,216.86,0.361433333,431.216,0.718693333,0,0,0,0,0,0,1.479295181,5.456587302,15.17572727,43.372,431.216,0,0
13B,13,E-L1 vs E-L2,U2,eye,A,1,9,M,Native,604.581,290.178,249.202,0.415336667,184.757,0.307928333,10.515,0.017525,0,0,0,0,0,0,0,0,0,0,3.719432836,23.094625,10.515,0,0,0,0
13A,13,E-L1 vs E-L2,U1,thumb,F,2,9,F,Non-Native,603.559,264.119,297.417,0.495695,200.785,0.334641667,259.035,0.431725,197.752,0.329586667,185.132,0.308553333,317.358,0.52893,0,0,0,0,1.376930556,2.256011236,5.887159091,9.8876,23.1415,105.786,0
13B,13,E-L1 vs E-L2,U2,thumb,F,2,9,M,Native,603.567,342.959,279.975,0.466625,234.373,0.390621667,303.243,0.505405,191.618,0.319363333,210.297,0.350495,130.668,0.21778,4.87,0.008116667,0,0,0.952295918,2.17012037,6.891886364,10.64544444,30.04242857,65.334,4.87
13A,13,E-L1 vs E-L2,U1,wing,V,3,9,F,Non-Native,603.865,271.961,252.285,0.420475,295.908,0.49318,178.707,0.297845,263.325,0.438875,286.983,0.478305,132.264,0.22044,0.208,0.000346667,0.208,0.208,1.280634518,3.181806452,4.702815789,15.48970588,57.3966,33.066,0.104
13B,13,E-L1 vs E-L2,U2,wing,V,3,9,M,Native,604.001,273.641,291.515,0.485858333,315.302,0.525503333,283.407,0.472345,4.402,0.007336667,1.072,0.001786667,1.005,0.001675,0,0,0,0,2.010448276,12.61208,28.3407,1.467333333,0.536,1.005,0
14A,14,E-L1 vs E-L2,U1,wing,A,1,15,F,Non-Native,604.557,253.908,280.989,0.468315,298.312,0.497186667,272.157,0.453595,204.858,0.34143,261.914,0.436523333,317.535,0.529225,0,0,0,0,1.06839924,2.736807339,6.329232558,10.782,29.10155556,105.845,0
14B,14,E-L1 vs E-L2,U2,wing,A,1,15,M,Native,604.563,265.731,300.999,0.501665,216.717,0.361195,236.747,0.394578333,182.647,0.304411667,180.158,0.300263333,0,0,0,0,0,0,2.246261194,4.925386364,10.76122727,20.29411111,90.079,0,0
14A,14,E-L1 vs E-L2,U1,eye,F,2,15,F,Non-Native,604.56,303.977,253.572,0.42262,295.891,0.493151667,276.971,0.461618333,358.968,0.59828,509.97,0.84995,539.297,0.898828333,0,0,0,0,1.78571831,5.379836364,16.29241176,44.871,169.99,269.6485,0
14B,14,E-L1 vs E-L2,U2,eye,F,2,15,M,Native,604.558,285.096,298.926,0.49821,327.869,0.546448333,323.62,0.539366667,256.399,0.427331667,264.499,0.440831667,0,0,0,0,0,0,0.849221591,2.245678082,5.136825397,11.6545,88.16633333,0,0
14A,14,E-L1 vs E-L2,U1,thumb,V,3,15,F,Non-Native,604.669,289.013,309.613,0.516021667,295.384,0.492306667,243.638,0.406063333,331.892,0.553153333,357.523,0.595871667,308.938,0.514896667,6.161,0.010268333,0,0,1.018463816,2.204358209,3.337506849,8.2973,18.817,44.134,2.053666667
14B,14,E-L1 vs E-L2,U2,thumb,V,3,15,M,Native,604.307,307.534,259.568,0.432613333,320.827,0.534711667,234.358,0.390596667,261.507,0.435845,282.138,0.47023,250.534,0.417556667,22.173,0.036955,0,0,1.063803279,3.865385542,6.167315789,15.38276471,28.2138,41.75566667,11.0865
15A,15,E-L1 vs E-L2,U1,thumb,A,1,18,F,Non-Native,604.553,274.358,349.688,0.582813333,267.204,0.44534,236.297,0.393828333,144.858,0.24143,167.775,0.279625,224.732,0.374553333,0,0,0,0,1.554168889,3.036409091,6.949911765,13.16890909,41.94375,112.366,0
15B,15,E-L1 vs E-L2,U2,thumb,A,1,18,M,Native,604.604,278.273,371.412,0.61902,309.206,0.515343333,333.291,0.555485,313.529,0.522548333,252.827,0.421378333,69.911,0.116518333,113.486,0.189143333,0.063,0,2.365681529,3.914,9.007864865,14.92995238,31.603375,17.47775,113.486
15A,15,E-L1 vs E-L2,U1,wing,F,2,18,F,Non-Native,604.657,259.645,236.236,0.393726667,257.813,0.429688333,233.429,0.389048333,57.607,0.096011667,0,0,0,0,0,0,0,0,3.579333333,11.20926087,17.95607692,14.40175,0,0,0
15B,15,E-L1 vs E-L2,U2,wing,F,2,18,M,Native,604.563,318.124,247.829,0.413048333,204.391,0.340651667,306.815,0.511358333,282.495,0.470825,255.673,0.426121667,350.672,0.584453333,58.135,0.096891667,0,0,1.101462222,2.587227848,8.522638889,20.17821429,42.61216667,116.8906667,29.0675
15A,15,E-L1 vs E-L2,U1,eye,V,3,18,F,Non-Native,604.698,278.896,237.904,0.396506667,241.363,0.402271667,115.315,0.192191667,294.584,0.490973333,68.587,0.114311667,21.879,0.036465,42.499,0.070831667,0.15,0.15,1.195497487,2.595301075,2.562555556,10.91051852,5.715583333,3.6465,10.62475
15B,15,E-L1 vs E-L2,U2,eye,V,3,18,M,Native,604.677,273.149,284.941,0.474901667,347.511,0.579185,315.074,0.525123333,398.348,0.663913333,231.38,0.385633333,413.655,0.689425,71.185,0.118641667,71.185,0.133,0.999792983,2.945008475,5.944792453,14.22671429,21.03454545,103.41375,35.5925
16A,16,E-L1 vs E-L2,U1,thumb,A,1,11,M,Non-Native,604.559,289.733,233.803,0.389671667,292.639,0.487731667,322.402,0.537336667,186.562,0.310936667,154.731,0.257885,0,0,0,0,0,0,1.23705291,3.568768293,11.51435714,23.32025,51.577,0,0
16B,16,E-L1 vs E-L2,U2,thumb,A,1,11,F,Native,604.573,254.629,289.409,0.482348333,234.778,0.391296667,290.053,0.483421667,377.211,0.628685,118.325,0.197208333,2.303,0.003838333,0,0,0,0,2.432008403,5.726292683,12.611,47.151375,29.58125,2.303,0
16A,16,E-L1 vs E-L2,U1,eye,V,2,11,M,Non-Native,604.601,261.342,302.22,0.5037,223.551,0.372585,178.231,0.297051667,123.394,0.205656667,178.257,0.297095,79.398,0.13233,80.576,0.134293333,54.228,24.818,1.175953307,1.49034,1.730398058,1.788318841,3.495235294,1.98495,2.685866667
16B,16,E-L1 vs E-L2,U2,eye,V,2,11,F,Native,604.6,302.129,262.806,0.43801,288.535,0.480891667,304.656,0.50776,305.953,0.509921667,161.76,0.2696,118.104,0.19684,63.513,0.105855,56.112,0.077,1.622259259,4.181666667,6.924,12.23812,8.986666667,8.436,7.939125
16A,16,E-L1 vs E-L2,U1,wing,F,3,11,M,Non-Native,604.555,261.328,330.681,0.551135,249.686,0.416143333,325.196,0.541993333,257.345,0.428908333,510.272,0.850453333,510.212,0.850353333,78.288,0.13048,0,0,2.413729927,6.089902439,16.2598,23.395,127.568,170.0706667,78.288
16B,16,E-L1 vs E-L2,U2,wing,F,3,11,F,Native,604.602,254.078,198.888,0.33148,277.505,0.462508333,335.937,0.559895,267.467,0.445778333,167.418,0.27903,216.7,0.361166667,250.299,0.417165,0,0,1.063572193,3.908521127,12.44211111,15.73335294,20.92725,36.11666667,125.1495
17A,17,E-L1 vs E-L2,U1,wing,A,1,12,M,Native,604.659,303.002,309.757,0.516261667,200.025,0.333375,146.702,0.244503333,155.051,0.258418333,474.994,0.791656667,0,0,0,0,0,0,1.094547703,2.00025,10.47871429,31.0102,474.994,0,0
17B,17,E-L1 vs E-L2,U2,wing,A,1,12,F,Non-Native,604.666,257.698,251.256,0.41876,323.055,0.538425,272.209,0.453681667,313.39,0.522316667,275.659,0.459431667,231.848,0.386413333,72.843,0.121405,0,0,2.305100917,6.873510638,14.32678947,34.82111111,91.88633333,115.924,72.843
17A,17,E-L1 vs E-L2,U1,thumb,V,2,12,M,Native,604.761,289.459,228.567,0.380945,315.175,0.525291667,347.381,0.578968333,301.301,0.502168333,431.768,0.719613333,331.365,0.552275,382.643,0.637738333,0,0,0.714271875,2.087251656,4.397227848,7.173833333,23.98711111,47.33785714,382.643
17B,17,E-L1 vs E-L2,U2,thumb,V,2,12,F,Non-Native,604.809,315.715,203.291,0.338818333,248.088,0.41348,238.902,0.39817,152.939,0.254898333,213.658,0.356096667,257.103,0.428505,0,0,0,0,1.708327731,4.27737931,7.026529412,10.19593333,42.7316,85.701,0
17A,17,E-L1 vs E-L2,U1,eye,F,3,12,M,Native,604.559,279.115,311.459,0.519098333,196.378,0.327296667,281.542,0.469236667,120.609,0.201015,335.878,0.559796667,0,0,0,0,0,0,2.147993103,3.328440678,10.42748148,15.076125,111.9593333,0,0
17B,17,E-L1 vs E-L2,U2,eye,F,3,12,F,Non-Native,604.569,162.741,359.992,0.599986667,153.393,0.255655,264.871,0.441451667,249.916,0.416526667,312.367,0.520611667,0,0,0,0,0,0,3.050779661,2.788963636,9.810037037,24.9916,312.367,0,0
18A,18,E-L1 vs E-L2,U1,eye,A,1,10,F,Non-Native,604.558,292.02,273.089,0.455148333,252.973,0.421621667,300.507,0.500845,283.641,0.472735,356.307,0.593845,97.832,0.163053333,0,0,0,0,0.627790805,1.240063725,3.00507,5.351716981,16.19577273,19.5664,0
18B,18,E-L1 vs E-L2,U2,eye,A,1,10,M,Native,604.572,325.84,449.738,0.749563333,263.615,0.439358333,316.601,0.527668333,310.928,0.518213333,0,0,0,0,0,0,0,0,4.636474227,20.27807692,105.5336667,310.928,0,0,0
18A,18,E-L1 vs E-L2,U1,wing,V,2,10,F,Non-Native,604.394,301.425,282.092,0.470153333,295.904,0.493173333,222.667,0.371111667,197.227,0.328711667,413.044,0.688406667,301.744,0.502906667,285.059,0.475098333,285.059,0.062,1.142072874,2.690036364,4.201264151,8.217791667,51.6305,60.3488,142.5295
18B,18,E-L1 vs E-L2,U2,wing,V,2,10,M,Native,603.579,266.004,307.538,0.512563333,206.573,0.344288333,261.656,0.436093333,119.727,0.199545,0,0,0,0,0,0,0,0,3.07538,7.123206897,32.707,39.909,0,0,0
18A,18,E-L1 vs E-L2,U1,thumb,F,3,10,F,Non-Native,604.552,288.471,353.355,0.588925,287.368,0.478946667,291.429,0.485715,330.911,0.551518333,151.63,0.252716667,32.804,0.054673333,0,0,0,0,1.424818548,2.588900901,5.204089286,12.25596296,15.163,16.402,0
18B,18,E-L1 vs E-L2,U2,thumb,F,3,10,M,Native,604.563,278.932,286.89,0.47815,332.692,0.554486667,222.418,0.370696667,385.607,0.642678333,195.705,0.326175,292.932,0.48822,82.583,0.137638333,0,0,1.263832599,4.211291139,6.178277778,21.42261111,32.6175,97.644,82.583
37A,37,E-L2 vs E-L2,U1,wing,F,1,10,F,Non-Native,603.557,303.907,224.067,0.373445,258.89,0.431483333,224.34,0.3739,141.456,0.23576,146.09,0.243483333,330.48,0.5508,0,0,0,0,1.042172093,2.696770833,5.471707317,9.4304,29.218,165.24,0
37B,37,E-L2 vs E-L2,U2,wing,F,1,10,F,Non-Native,603.572,259.621,306.74,0.511233333,208.423,0.347371667,257.075,0.428458333,271.883,0.453138333,377,0.628333333,149.595,0.249325,0,0,0,0,1.658054054,2.6052875,6.120833333,14.30963158,34.27272727,37.39875,0
37A,37,E-L2 vs E-L2,U1,thumb,V,2,10,F,Non-Native,603.492,271.389,283.15,0.471916667,232.625,0.387708333,265.68,0.4428,182.286,0.30381,175.079,0.291798333,58.065,0.096775,20.512,0.034186667,0,0,1.220474138,2.349747475,5.652765957,8.680285714,17.5079,11.613,10.256
37B,37,E-L2 vs E-L2,U2,thumb,V,2,10,F,Non-Native,603.844,281.831,299.671,0.499451667,211.152,0.35192,214.183,0.356971667,265.538,0.442563333,145.153,0.241921667,5.228,0.008713333,0.143,0.000238333,0.143,19.597,2.270234848,5.2788,10.70915,24.13981818,20.73614286,1.307,0.0715
37A,37,E-L2 vs E-L2,U1,eye,A,3,10,F,Non-Native,603.622,250.936,210.554,0.350923333,192.642,0.32107,293.023,0.488371667,237.391,0.395651667,128.234,0.213723333,54.755,0.091258333,0,0,0,0,1.245881657,2.963723077,10.10424138,19.78258333,25.6468,54.755,0
37B,37,E-L2 vs E-L2,U2,eye,A,3,10,F,Non-Native,603.577,214.444,273.112,0.455186667,184.697,0.307828333,120.795,0.201325,358.952,0.598253333,449.017,0.748361667,133.007,0.221678333,0,0,0,0,4.791438596,7.695708333,10.06625,44.869,112.25425,66.5035,0
38A,38,E-L2 vs E-L2,U1,thumb,F,1,9,F,Non-Native,603.621,300.651,311.128,0.518546667,291.495,0.485825,267.688,0.446146667,362.045,0.603408333,140.874,0.23479,443.453,0.739088333,0,0,0,0,2.571305785,8.097083333,15.74635294,51.72071429,46.958,221.7265,0
38B,38,E-L2 vs E-L2,U2,thumb,F,1,9,F,Non-Native,603.577,287.721,291.574,0.485956667,326.176,0.543626667,375.132,0.62522,374.195,0.623658333,113.919,0.189865,123.336,0.20556,0,0,0,0,1.388447619,3.469957447,10.42033333,26.72821429,28.47975,61.668,0
38A,38,E-L2 vs E-L2,U1,eye,V,2,9,F,Non-Native,604.254,258.165,281.613,0.469355,263.276,0.438793333,130.77,0.21795,320.752,0.534586667,195.797,0.326328333,322.499,0.537498333,266.357,0.443928333,6.143,0,3.06101087,7.743411765,5.944090909,21.38346667,27.971,107.4996667,133.1785
38B,38,E-L2 vs E-L2,U2,eye,V,2,9,F,Non-Native,604.03,321.471,301.322,0.502203333,287.886,0.47981,241.457,0.402428333,247.429,0.412381667,213.57,0.35595,259.704,0.43284,277.007,0.461678333,240.341,0,1.060992958,2.937612245,4.927693878,7.981580645,10.6785,17.3136,23.08391667
38A,38,E-L2 vs E-L2,U1,wing,A,3,9,F,Non-Native,603.594,311.763,317.695,0.529491667,265.705,0.442841667,368.823,0.614705,294.716,0.491193333,304.486,0.507476667,178.524,0.29754,0,0,0,0,2.062954545,3.795785714,11.52571875,19.64773333,50.74766667,89.262,0
38B,38,E-L2 vs E-L2,U2,wing,A,3,9,F,Non-Native,603.629,304.236,285.437,0.475728333,322.454,0.537423333,273.268,0.455446667,270.019,0.450031667,309.019,0.515031667,251.525,0.419208333,314.267,0.523778333,546.185,0,0.957842282,2.336623188,5.156,10.0007037,20.60126667,35.93214286,157.1335
39A,39,E-L2 vs E-L2,U1,eye,F,1,14,F,Non-Native,603.59,290.054,316.801,0.528001667,218.751,0.364585,286.284,0.47714,157.275,0.262125,158.826,0.26471,0,0,0,0,0,0,1.50857619,2.457876404,8.179542857,19.659375,158.826,0,0
39B,39,E-L2 vs E-L2,U2,eye,F,1,14,F,Non-Native,603.566,312.704,253.961,0.423268333,236.387,0.393978333,294.042,0.49007,385.04,0.641733333,95.875,0.159791667,0,0,0,0,0,0,1.418776536,3.238178082,9.485225806,35.00363636,31.95833333,0,0
39A,39,E-L2 vs E-L2,U1,wing,V,2,14,F,Non-Native,603.323,301.248,290.166,0.48361,266.603,0.444338333,295.301,0.492168333,289.592,0.482653333,269.383,0.448971667,84.363,0.140605,94.899,0.158165,51.626,146.08,0.655002257,1.190191964,2.094333333,3.6199,5.180442308,2.481264706,4.519
39B,39,E-L2 vs E-L2,U2,wing,V,2,14,F,Non-Native,603.21,293.886,303.561,0.505935,274.99,0.458316667,309.788,0.516313333,243.622,0.406036667,331.214,0.552023333,166.106,0.276843333,144.009,0.240015,0.156,0.083,0.917102719,1.797320261,3.732385542,5.942,15.05518182,18.45622222,36.00225
39A,39,E-L2 vs E-L2,U1,thumb,A,3,14,F,Non-Native,604.555,299.332,325.495,0.542491667,235.097,0.391828333,313.555,0.522591667,331.575,0.552625,242.757,0.404595,104.052,0.17342,114.552,0.19092,0,0,0.940736994,1.836695313,7.465595238,20.7234375,40.4595,52.026,114.552
39B,39,E-L2 vs E-L2,U2,thumb,A,3,14,F,Non-Native,604.573,310.857,260.208,0.43368,206.312,0.343853333,226.521,0.377535,406.545,0.677575,62.697,0.104495,18.391,0.030651667,440.995,0.734991667,0,0,1.512837209,2.679376623,5.808230769,25.4090625,15.67425,18.391,440.995
40A,40,E-L2 vs E-L2,U1,wing,F,1,18,M,Non-Native,603.556,292.41,281.095,0.468491667,321.587,0.535978333,301.845,0.503075,47.624,0.079373333,226.521,0.377535,268.02,0.4467,107.187,0.178645,0.077,0.077,3.386686747,11.0892069,30.1845,6.803428571,56.63025,134.01,107.187
40B,40,E-L2 vs E-L2,U2,wing,F,1,18,F,Non-Native,603.605,277.024,231.881,0.386468333,245.46,0.4091,165.475,0.275791667,167.378,0.278963333,0,0,0,0,0,0,0,0,2.8985125,7.219411765,16.5475,83.689,0,0,0
40A,40,E-L2 vs E-L2,U1,thumb,A,2,18,M,Non-Native,603.558,257.372,319.965,0.533275,256.1,0.426833333,277.671,0.462785,295.953,0.493255,168.674,0.281123333,92.158,0.153596667,0,0,0,0,2.806710526,5.122,8.414272727,14.093,21.08425,92.158,0
40B,40,E-L2 vs E-L2,U2,thumb,A,2,18,F,Non-Native,603.574,288.554,168.881,0.281468333,155.059,0.258431667,170.703,0.284505,376.638,0.62773,240.58,0.400966667,375.2,0.625333333,0,0,0,0,1.37301626,3.29912766,7.421869565,41.84866667,80.19333333,375.2,0
40A,40,E-L2 vs E-L2,U1,eye,V,3,18,M,Non-Native,603.528,254.785,200.985,0.334975,271.303,0.452171667,146.004,0.24334,201.622,0.336036667,102.587,0.170978333,40.77,0.06795,0.065,0.000108333,0,0,1.467043796,4.677637931,4.8668,10.61168421,7.891307692,10.1925,0.065
40B,40,E-L2 vs E-L2,U2,eye,V,3,18,F,Non-Native,603.185,190.932,247.554,0.41259,380.768,0.634613333,275.223,0.458705,272.425,0.454041667,71.256,0.11876,78.041,0.130068333,0,0,0,0,2.982578313,11.19905882,18.3482,34.053125,14.2512,39.0205,0
41A,41,E-L2 vs E-L2,U1,eye,F,1,5,F,Non-Native,602.614,236.819,279.156,0.46526,290.758,0.484596667,249.967,0.416611667,340.64,0.567733333,281.97,0.46995,333.285,0.555475,573.537,0.955895,0,0,2.19807874,5.384407407,11.36213636,42.58,93.99,166.6425,573.537
41B,41,E-L2 vs E-L2,U2,eye,F,1,5,M,Non-Native,602.564,303.186,104.016,0.17336,44.91,0.07485,64.602,0.10767,0,0,0,0,0,0,0,0,0,0,3.714857143,5.61375,32.301,0,0,0,0
41A,41,E-L2 vs E-L2,U1,wing,A,2,5,F,Non-Native,602.56,260.135,322.269,0.537115,460.828,0.768046667,187.765,0.312941667,51.887,0.086478333,178.555,0.297591667,24.66,0.0411,0,0,0,0,3.97862963,18.43312,14.44346154,10.3774,89.2775,24.66,0
41B,41,E-L2 vs E-L2,U2,wing,A,2,5,M,Non-Native,602.627,302.366,265.619,0.442698333,298.179,0.496965,243.211,0.405351667,385.436,0.642393333,293.876,0.489793333,0.401,0.000668333,0,0,0,0,1.747493421,6.344234043,16.21406667,64.23933333,97.95866667,0.401,0
41A,41,E-L2 vs E-L2,U1,thumb,V,3,5,F,Non-Native,603.195,266.754,238.649,0.397748333,231.974,0.386623333,309.781,0.516301667,325.704,0.54284,296.375,0.493958333,258.83,0.431383333,0.444,0.00074,0.271,0.145,0.817291096,1.526144737,3.480685393,6.386352941,11.39903846,32.35375,0.148
41B,41,E-L2 vs E-L2,U2,thumb,V,3,5,M,Non-Native,603.365,276.939,302.625,0.504375,304.248,0.50708,236.852,0.394753333,168.959,0.281598333,325.526,0.542543333,128.605,0.214341667,0,0,0,0,1.627016129,4.225666667,6.966235294,9.938764706,65.1052,128.605,0
42A,42,E-L2 vs E-L2,U1,thumb,F,1,13,F,Non-Native,603.553,296.74,324.622,0.541036667,215.185,0.358641667,57.293,0.095488333,324.632,0.541053333,0,0,0,0,0,0,0,0,4.446876712,13.4490625,19.09766667,324.632,0,0,0
42B,42,E-L2 vs E-L2,U2,thumb,F,1,13,M,Non-Native,602.768,263.683,297.146,0.495243333,258.914,0.431523333,313.258,0.522096667,269.688,0.44948,307.759,0.512931667,405.792,0.67632,273.857,0.456428333,0,0,0.871395894,1.737677852,4.176773333,9.631714286,30.7759,101.448,273.857
42A,42,E-L2 vs E-L2,U1,eye,A,2,13,F,Non-Native,603.584,286.504,331.593,0.552655,231.11,0.385183333,209.084,0.348473333,187.223,0.312038333,359.335,0.598891667,0,0,0,0,0,0,2.531244275,8.253928571,19.00763636,46.80575,179.6675,0,0
42B,42,E-L2 vs E-L2,U2,eye,A,2,13,M,Non-Native,603.574,276.493,266.437,0.444061667,334.944,0.55824,246.021,0.410035,289.122,0.48187,230.351,0.383918333,155.677,0.259461667,315.6,0.526,0,0,0.61962093,1.683135678,3.0752625,7.413384615,15.35673333,31.1354,315.6
42A,42,E-L2 vs E-L2,U1,wing,V,3,13,F,Non-Native,603.954,284.673,262.007,0.436678333,324.831,0.541385,257.551,0.429251667,193.063,0.321771667,90.533,0.150888333,0.073,0.000121667,0.073,0.000121667,0.073,0.073,1.578355422,3.455648936,5.98955814,27.58042857,45.2665,0.073,0.073
42B,42,E-L2 vs E-L2,U2,wing,V,3,13,M,Non-Native,603.502,289.177,255.237,0.425395,322.675,0.537791667,234.294,0.39049,295.457,0.492428333,164.229,0.273715,0.294,0.00049,0.14,0.000233333,0.079,0.079,0.723050992,2.960321101,5.578428571,13.42986364,16.4229,0.0735,0.07
43A,43,E-L2 vs E-L2,U1,wing,V,1,11,M,Non-Native,603.951,296.982,246.807,0.411345,322.928,0.538213333,315.492,0.52582,282.334,0.470556667,1.145,0.001908333,0.076,0.000126667,0,0,0,0,1.504920732,4.485111111,9.859125,25.66672727,0.381666667,0.076,0
43B,43,E-L2 vs E-L2,U2,wing,V,1,11,F,Non-Native,603.38,367.171,194.083,0.323471667,222.13,0.370216667,181.071,0.301785,196.73,0.327883333,234.517,0.390861667,32.023,0.053371667,33.375,0.055625,33.375,0.072,3.404964912,7.404333333,11.3169375,32.78833333,58.62925,10.67433333,33.375
43A,43,E-L2 vs E-L2,U1,thumb,F,2,11,M,Non-Native,603.556,344.036,362.184,0.60364,327.428,0.545713333,307.198,0.511996667,392.384,0.653973333,91.602,0.15267,45.683,0.076138333,0,0,0,0,6.354105263,14.236,23.63061538,65.39733333,45.801,45.683,0
43B,43,E-L2 vs E-L2,U2,thumb,F,2,11,F,Non-Native,602.569,229.293,258.29,0.430483333,389.096,0.648493333,321.616,0.536026667,259.782,0.43297,102.567,0.170945,109.146,0.18191,0,0,0,0,1.688169935,5.330082192,10.37470968,16.236375,25.64175,54.573,0
43A,43,E-L2 vs E-L2,U1,eye,A,3,11,M,Non-Native,603.547,285.233,337.836,0.56306,309.464,0.515773333,179.336,0.298893333,157.328,0.262213333,163.294,0.272156667,168.369,0.280615,0,0,0,0,2.702688,7.547902439,11.95573333,19.666,23.32771429,42.09225,0
43B,43,E-L2 vs E-L2,U2,eye,A,3,11,F,Non-Native,603.573,299.731,271.3,0.452166667,278.915,0.464858333,200.47,0.334116667,251.607,0.419345,175.575,0.292625,242.694,0.40449,0,0,0,0,1.820805369,3.820753425,6.466774194,17.97192857,29.2625,121.347,0
44A,44,E-L2 vs E-L2,U1,thumb,V,1,3,M,Non-Native,604.459,314.361,223.328,0.372213333,362.754,0.60459,330.822,0.55137,292.014,0.48669,248.265,0.413775,120.592,0.200986667,129.781,0.216301667,20.966,0.079,1.976353982,5.109211268,9.1895,17.17729412,24.8265,30.148,64.8905
44B,44,E-L2 vs E-L2,U2,thumb,V,1,3,M,Non-Native,604.119,219.643,303.929,0.506548333,344.364,0.57394,275.639,0.459398333,236.984,0.394973333,135.77,0.226283333,46.75,0.077916667,95.924,0.159873333,0.058,0,1.56664433,4.30455,7.656638889,13.16577778,16.97125,9.35,23.981
44A,44,E-L2 vs E-L2,U1,eye,F,2,3,M,Non-Native,604.628,320.238,237.898,0.396496667,281.679,0.469465,265.947,0.443245,263.42,0.439033333,238.856,0.398093333,184.078,0.306796667,156.031,0.260051667,68.372,0,1.10137963,3.75572,6.648675,13.171,21.71418182,26.29685714,39.00775
44B,44,E-L2 vs E-L2,U2,eye,F,2,3,M,Non-Native,604.64,275.588,270.67,0.451116667,305.186,0.508643333,274.913,0.458188333,259.571,0.432618333,61.499,0.102498333,0,0,0,0,0,0,1.611130952,4.555014925,9.163766667,25.9571,61.499,0,0
44A,44,E-L2 vs E-L2,U1,wing,A,3,3,M,Non-Native,603.687,305.057,227.302,0.378836667,231.264,0.38544,183.931,0.306551667,262.385,0.437308333,56.038,0.093396667,208.666,0.347776667,186.107,0.310178333,160.603,0,2.250514851,8.259428571,10.81947059,29.15388889,9.339666667,69.55533333,93.0535
44B,44,E-L2 vs E-L2,U2,wing,A,3,3,M,Non-Native,604.595,282.126,296.026,0.493376667,312.2,0.520333333,269.291,0.448818333,291.394,0.485656667,234.802,0.391336667,279.558,0.46593,66.399,0.110665,0,0,1.208269388,2.69137931,4.8962,9.713133333,23.4802,139.779,66.399
45A,45,E-L2 vs E-L2,U1,eye,V,1,1,M,Non-Native,604.366,325.047,288.845,0.481408333,203.693,0.339488333,340.282,0.567136667,278.864,0.464773333,371.007,0.618345,195.299,0.325498333,241.143,0.401905,400.301,0,0.709692875,1.212458333,4.307367089,7.746222222,16.13073913,13.94992857,40.1905
45B,45,E-L2 vs E-L2,U2,eye,V,1,1,M,Non-Native,604.536,245.437,229.661,0.382768333,327.858,0.54643,321.476,0.535793333,240.133,0.400221667,200.325,0.333875,245.603,0.409338333,0.128,0.000213333,1.061,0,1.898024793,5.751894737,9.185028571,10.44056522,16.69375,40.93383333,0.064
45A,45,E-L2 vs E-L2,U1,wing,F,2,1,M,Non-Native,603.558,273.25,322.577,0.537628333,307.197,0.511995,211.584,0.35264,333.918,0.55653,157.101,0.261835,268.612,0.447686667,322.166,0.536943333,4.401,0,0.960050595,2.559975,3.712,13.35672,12.08469231,38.37314286,107.3886667
45B,45,E-L2 vs E-L2,U2,wing,F,2,1,M,Non-Native,603.63,216.353,264.417,0.440695,264.519,0.440865,287.729,0.479548333,349.155,0.581925,356.391,0.593985,271.901,0.453168333,133.176,0.22196,0,0,1.61229878,4.007863636,8.719060606,15.87068182,32.39918182,67.97525,133.176
45A,45,E-L2 vs E-L2,U1,thumb,A,3,1,M,Non-Native,604.593,286.976,277.734,0.46289,260.007,0.433345,289.075,0.481791667,317.528,0.529213333,315.915,0.526525,297.202,0.495336667,380.536,0.634226667,226.534,226.534,0.756768392,1.502930636,2.949744898,5.99109434,12.6366,24.76683333,63.42266667
45B,45,E-L2 vs E-L2,U2,thumb,A,3,1,M,Non-Native,604.637,192.012,289.341,0.482235,233.764,0.389606667,307.371,0.512285,225.229,0.375381667,430.925,0.718208333,397.691,0.662818333,0,0,0,0,2.2257,4.770693878,13.97140909,28.153625,215.4625,397.691,0
46A,46,E-L2 vs E-L2,U1,eye,V,1,17,F,Non-Native,603.917,273.371,293.671,0.489451667,282.926,0.471543333,371.045,0.618408333,299.764,0.499606667,198.727,0.331211667,151.343,0.252238333,162.819,0.271365,0,0,1.359587963,2.773784314,7.275392157,13.62563636,18.06609091,50.44766667,162.819
46B,46,E-L2 vs E-L2,U2,eye,V,1,17,F,Non-Native,603.769,316.968,279.377,0.465628333,303.915,0.506525,275.843,0.459738333,202.571,0.337618333,282.571,0.470951667,175.037,0.291728333,112.722,0.18787,48.731,1.504,0.636394077,1.497118227,2.298691667,2.893871429,8.073457143,8.335095238,8.670923077
46A,46,E-L2 vs E-L2,U1,wing,A,2,17,F,Non-Native,603.555,263.516,258.602,0.431003333,200.768,0.334613333,208.25,0.347083333,202.751,0.337918333,0,0,0,0,0,0,0,0,2.638795918,7.170285714,23.13888889,67.58366667,0,0,0
46B,46,E-L2 vs E-L2,U2,wing,A,2,17,F,Non-Native,603.573,319.783,322.105,0.536841667,320.03,0.533383333,316.334,0.527223333,229.246,0.382076667,417.405,0.695675,16.312,0.027186667,0,0,0,0,1.012908805,2.480852713,5.648821429,8.817153846,59.62928571,8.156,0
46A,46,E-L2 vs E-L2,U1,thumb,F,3,17,F,Non-Native,603.55,289.003,270.109,0.450181667,185.146,0.308576667,307.799,0.512998333,297.973,0.496621667,169.274,0.282123333,242.054,0.403423333,112.249,0.187081667,0,0,1.189907489,2.103931818,6.839977778,14.89865,16.9274,80.68466667,112.249
46B,46,E-L2 vs E-L2,U2,thumb,F,3,17,F,Non-Native,603.576,314.426,289.854,0.48309,303.348,0.50558,259.511,0.432518333,222.878,0.371463333,418.644,0.69774,26.894,0.044823333,232.949,0.388248333,232.949,0,0.475170492,1.248345679,3.327064103,7.189612903,52.3305,8.964666667,232.949
47A,47,E-L2 vs E-L2,U1,wing,V,1,16,M,Non-Native,603.664,330.572,282.622,0.471036667,202.166,0.336943333,245.626,0.409376667,260.512,0.434186667,240.544,0.400906667,277.096,0.461826667,0.142,0.000236667,0.142,0.074,1.53598913,2.888085714,9.447153846,20.03938462,40.09066667,69.274,0.071
47B,47,E-L2 vs E-L2,U2,wing,V,1,16,F,Non-Native,603.103,268.985,190.072,0.316786667,249.843,0.416405,235.54,0.392566667,140.745,0.234575,182.169,0.303615,222.271,0.370451667,0,0,0,0,1.638551724,5.2050625,9.4216,11.72875,45.54225,222.271,0
47A,47,E-L2 vs E-L2,U1,thumb,A,2,16,M,Non-Native,603.557,289.833,278.703,0.464505,297.991,0.496651667,280.165,0.466941667,185.71,0.309516667,185.572,0.309286667,159.103,0.265171667,0,0,0,0,1.261099548,2.684603604,6.833292683,10.92411765,30.92866667,79.5515,0
47B,47,E-L2 vs E-L2,U2,thumb,A,2,16,F,Non-Native,603.735,271.546,296.768,0.494613333,292.211,0.487018333,268.787,0.447978333,314.886,0.52481,321.982,0.536636667,254.755,0.424591667,139.311,0.232185,1.166,1.166,1.586994652,3.794948052,7.679628571,18.52270588,45.99742857,63.68875,46.437
47A,47,E-L2 vs E-L2,U1,eye,F,3,16,M,Non-Native,603.561,293.768,321.764,0.536273333,307.559,0.512598333,305.621,0.509368333,292.812,0.48802,475.096,0.791826667,469.737,0.782895,0,0,0,0,2.075896774,6.834644444,20.37473333,32.53466667,118.774,156.579,0
47B,47,E-L2 vs E-L2,U2,eye,F,3,16,F,Non-Native,603.567,253.582,353.752,0.589586667,258.533,0.430888333,375.532,0.625886667,323.134,0.538556667,190.202,0.317003333,128.467,0.214111667,69.807,0.116345,0,0,1.786626263,2.971643678,7.990042553,12.42823077,17.29109091,42.82233333,69.807
48A,48,E-L2 vs E-L2,U1,thumb,V,1,15,F,Non-Native,604.158,276.59,250.459,0.417431667,236.225,0.393708333,255.88,0.426466667,267.834,0.44639,195.425,0.325708333,237.483,0.395805,83.598,0.13933,0,0,1.098504386,2.019017094,3.876969697,8.116181818,17.76590909,39.5805,27.866
48B,48,E-L2 vs E-L2,U2,thumb,V,1,15,F,Non-Native,604.393,320.506,262.491,0.437485,249.947,0.416578333,182.733,0.304555,214.985,0.358308333,102.048,0.17008,225.904,0.376506667,125.8,0.209666667,110.523,0.384,1.171834821,2.403336538,3.205842105,6.323088235,5.370947368,17.37723077,13.97777778
48A,48,E-L2 vs E-L2,U1,eye,A,2,15,F,Non-Native,603.551,250.548,239.242,0.398736667,372.755,0.621258333,178.631,0.297718333,341.715,0.569525,296.483,0.494138333,453.669,0.756115,47.885,0.079808333,0,0,1.594946667,4.840974026,4.465775,16.27214286,29.6483,90.7338,47.885
48B,48,E-L2 vs E-L2,U2,eye,A,2,15,F,Non-Native,603.568,248.099,188.032,0.313386667,256.489,0.427481667,340.345,0.567241667,175.403,0.292338333,183.75,0.30625,137.773,0.229621667,0,0,0,0,2.611555556,6.412225,20.02029412,25.05757143,45.9375,137.773,0
48A,48,E-L2 vs E-L2,U1,wing,F,3,15,F,Non-Native,604.598,265.71,277.216,0.462026667,233.245,0.388741667,241.211,0.402018333,345.229,0.575381667,328.285,0.547141667,122.301,0.203835,183.295,0.305491667,0,0,1.03438806,1.927644628,3.397338028,10.46148485,18.23805556,17.47157143,183.295
48B,48,E-L2 vs E-L2,U2,wing,F,3,15,F,Non-Native,603.644,193.01,181.561,0.302601667,386.838,0.64473,165.98,0.276633333,416.876,0.694793333,210.094,0.350156667,82.725,0.137875,0,0,0,0,1.500504132,7.73676,10.37375,59.55371429,70.03133333,82.725,0
49A,49,E-L2 vs E-L2,U1,eye,A,1,4,M,Non-Native,603.554,302.812,276.273,0.460455,385.494,0.64249,317.506,0.529176667,260.244,0.43374,372.183,0.620305,89.467,0.149111667,0,0,0,0,3.4534125,11.33805882,14.43209091,20.01876923,93.04575,89.467,0
49B,49,E-L2 vs E-L2,U2,eye,A,1,4,M,Non-Native,603.554,264.394,268.406,0.447343333,215.115,0.358525,136.203,0.227005,83.292,0.13882,222.668,0.371113333,0,0,0,0,0,0,1.082282258,1.493854167,3.242928571,16.6584,222.668,0,0
49A,49,E-L2 vs E-L2,U1,thumb,F,2,4,M,Non-Native,603.59,279.33,263.545,0.439241667,316.219,0.527031667,328.182,0.54697,236.933,0.394888333,171.622,0.286036667,241.215,0.402025,0,0,0,0,2.07515748,5.359644068,12.62238462,23.6933,57.20733333,241.215,0
49B,49,E-L2 vs E-L2,U2,thumb,F,2,4,M,Non-Native,603.56,309.439,330.321,0.550535,240.953,0.401588333,289.645,0.482741667,252.434,0.420723333,116.866,0.194776667,231.408,0.38568,0,0,0,0,1.92047093,2.974728395,8.275571429,14.02411111,14.60825,77.136,0
49A,49,E-L2 vs E-L2,U1,wing,V,3,4,M,Non-Native,603.967,248.536,272.465,0.454108333,187.738,0.312896667,280.499,0.467498333,189.825,0.316375,225.047,0.375078333,336.996,0.56166,118.071,0.196785,72.136,3.346,1.853503401,2.133386364,4.754220339,5.423571429,9.00188,21.06225,9.83925
49B,49,E-L2 vs E-L2,U2,wing,V,3,4,M,Non-Native,604.175,288.601,319.671,0.532785,130.65,0.21775,256.558,0.427596667,126.156,0.21026,40.933,0.068221667,0.44,0.000733333,0.44,0.000733333,0.44,332.392,2.779747826,3.732857143,13.50305263,12.6156,6.822166667,0.088,0.088
50A,50,E-L2 vs E-L2,U1,wing,A,1,12,F,Non-Native,603.626,249.995,243.902,0.406503333,297.075,0.495125,370.63,0.617716667,278.426,0.464043333,257.032,0.428386667,223.185,0.371975,454.402,0.757336667,472.551,0,1.276973822,4.014527027,10.58942857,13.9213,18.35942857,31.88357143,227.201
50B,50,E-L2 vs E-L2,U2,wing,A,1,12,F,Non-Native,603.574,242.01,258.504,0.43084,364.325,0.607208333,402.322,0.670536667,289.069,0.481781667,118.954,0.198256667,0,0,0,0,0,0,3.2313,10.12013889,21.17484211,36.133625,59.477,0,0
50A,50,E-L2 vs E-L2,U1,eye,F,2,12,F,Non-Native,603.586,293.987,263.243,0.438738333,266.212,0.443686667,366.334,0.610556667,171.81,0.28635,98.208,0.16368,287.492,0.479153333,338.953,0.564921667,0.233,0,0.898440273,2.609921569,7.794340426,7.47,12.276,71.873,169.4765
50B,50,E-L2 vs E-L2,U2,eye,F,2,12,F,Non-Native,603.566,279.321,317.71,0.529516667,292.545,0.487575,234.482,0.390803333,167.263,0.278771667,79.454,0.132423333,209.357,0.348928333,0,0,0,0,3.114803922,5.736176471,12.34115789,18.58477778,15.8908,209.357,0
50A,50,E-L2 vs E-L2,U1,thumb,V,3,12,F,Non-Native,603.231,314.501,255.104,0.425173333,254.244,0.42374,236.955,0.394925,197.688,0.32948,183.561,0.305935,125.166,0.20861,140.686,0.234476667,104.014,103.415,0.600244706,1.135017857,1.611938776,1.938117647,2.660304348,2.50332,4.689533333
50B,50,E-L2 vs E-L2,U2,thumb,V,3,12,F,Non-Native,603.842,287.343,334.732,0.557886667,308.176,0.513626667,263.455,0.439091667,268.616,0.447693333,212.227,0.353711667,282.209,0.470348333,510.341,0.850568333,0,0,0.99327003,2.170253521,5.066442308,10.74464,23.58077778,94.06966667,510.341
51A,51,E-L2 vs E-L2,U1,thumb,A,1,7,F,Non-Native,603.695,221.933,307.926,0.51321,252.291,0.420485,361.625,0.602708333,194.802,0.32467,290.899,0.484831667,46.922,0.078203333,0,0,0,0,1.60378125,2.968129412,8.610119048,9.7401,36.362375,46.922,0
51B,51,E-L2 vs E-L2,U2,thumb,A,1,7,F,Non-Native,603.594,268.965,307.439,0.512398333,283.529,0.472548333,311.705,0.519508333,336.366,0.56061,136.642,0.227736667,203.824,0.339706667,307.359,0.512265,0,0,1.736943503,4.295893939,8.905857143,21.022875,13.6642,40.7648,307.359
51A,51,E-L2 vs E-L2,U1,wing,F,2,7,F,Non-Native,603.549,283.981,340.809,0.568015,306.817,0.511361667,341.693,0.569488333,248.146,0.413576667,305.797,0.509661667,216.725,0.361208333,175.509,0.292515,244.421,0,1.852222826,3.933551282,11.02235484,13.78588889,30.5797,72.24166667,87.7545
51B,51,E-L2 vs E-L2,U2,wing,F,2,7,F,Non-Native,603.562,272.93,276.846,0.46141,283.933,0.473221667,316.5,0.5275,240.18,0.4003,188.66,0.314433333,392.649,0.654415,55.222,0.092036667,0,0,1.39118593,4.23780597,10.9137931,18.47538462,20.96222222,98.16225,27.611
51A,51,E-L2 vs E-L2,U1,eye,V,3,7,F,Non-Native,604.141,265.149,256.108,0.426846667,254.031,0.423385,244.379,0.407298333,229.709,0.382848333,261.713,0.436188333,155.118,0.25853,287.587,0.479311667,0,0,1.718845638,4.456684211,9.77516,15.31393333,29.07922222,51.706,143.7935
51B,51,E-L2 vs E-L2,U2,eye,V,3,7,F,Non-Native,604.172,300.372,237.08,0.395133333,198.411,0.330685,167.387,0.278978333,247.388,0.412313333,129.95,0.216583333,190.144,0.316906667,10.76,0.017933333,-0.362,130.902,0.955967742,1.417221429,2.0923375,5.153916667,4.481034483,10.56355556,0.978181818
52A,52,E-L2 vs E-L2,U1,thumb,A,1,6,M,Non-Native,603.593,306.331,354.894,0.59149,288.519,0.480865,88.863,0.148105,211.387,0.352311667,0,0,0,0,0,0,0,0,3.735726316,9.6173,22.21575,211.387,0,0,0
52B,52,E-L2 vs E-L2,U2,thumb,A,1,6,M,Non-Native,603.549,278.29,224.711,0.374518333,297.388,0.495646667,204.437,0.340728333,178.357,0.297261667,27.738,0.04623,27.738,0.04623,0,0,0,0,1.640226277,5.3105,9.735095238,25.47957143,13.869,13.869,0
52A,52,E-L2 vs E-L2,U1,eye,V,2,6,M,Non-Native,603.065,280.787,205.409,0.342348333,278.321,0.463868333,203.727,0.339545,375.871,0.626451667,150.415,0.250691667,137.151,0.228585,134.364,0.22394,7.586,76.013,1.467207143,3.274364706,4.157693878,13.92114815,8.847941176,13.7151,16.7955
52B,52,E-L2 vs E-L2,U2,eye,V,2,6,M,Non-Native,603.628,244.612,202.598,0.337663333,355.066,0.591776667,348.712,0.581186667,406.384,0.677306667,231.02,0.385033333,248.37,0.41395,102.343,0.170571667,0.071,0.071,1.274201258,5.072371429,12.91525926,29.02742857,33.00285714,62.0925,51.1715
52A,52,E-L2 vs E-L2,U1,wing,F,3,6,M,Non-Native,603.588,250.877,274.866,0.45811,235.489,0.392481667,190.341,0.317235,168.57,0.28095,161.956,0.269926667,193.802,0.323003333,0,0,0,0,2.432442478,4.805897959,8.275695652,14.0475,23.13657143,64.60066667,0
52B,52,E-L2 vs E-L2,U2,wing,F,3,6,M,Non-Native,603.564,297.532,207.332,0.345553333,285.592,0.475986667,249.622,0.416036667,336.866,0.561443333,211.713,0.352855,185.689,0.309481667,55.293,0.092155,0,0,1.184754286,3.912219178,8.915071429,22.45773333,35.2855,61.89633333,55.293
53A,53,E-L2 vs E-L2,U1,wing,A,1,2,M,Non-Native,604.593,302.458,260.778,0.43463,183.624,0.30604,137.167,0.228611667,88.959,0.148265,286.868,0.478113333,92.834,0.154723333,0,0,0,0,1.337323077,2.869125,5.715291667,8.087181818,57.3736,92.834,0
53B,53,E-L2 vs E-L2,U2,wing,A,1,2,M,Non-Native,604.608,208.463,235.19,0.391983333,187.81,0.313016667,185.164,0.308606667,201.578,0.335963333,237.385,0.395641667,0,0,0,0,0,0,4.7038,6.7075,12.34426667,28.79685714,118.6925,0,0
53A,53,E-L2 vs E-L2,U1,thumb,V,2,2,M,Non-Native,604.538,300.043,240.151,0.400251667,334.408,0.557346667,152.758,0.254596667,291.315,0.485525,38.347,0.063911667,219.362,0.365603333,219.362,0.365603333,0,0,2.163522523,7.26973913,5.267517241,19.421,4.793375,219.362,219.362
53B,53,E-L2 vs E-L2,U2,thumb,V,2,2,M,Non-Native,604.521,291.364,164.922,0.27487,253.167,0.421945,216.695,0.361158333,92.045,0.153408333,349.445,0.582408333,3.195,0.005325,0,0,0,0,1.195086957,5.06334,8.025740741,6.574642857,58.24083333,1.065,0
53A,53,E-L2 vs E-L2,U1,eye,F,3,2,M,Non-Native,603.55,210.761,365.672,0.609453333,214.481,0.357468333,344.19,0.57365,271.719,0.452865,0,0,0,0,0,0,0,0,1.486471545,3.064014286,28.6825,271.719,0,0,0
53B,53,E-L2 vs E-L2,U2,eye,F,3,2,M,Non-Native,603.574,335.916,324.683,0.541138333,226.945,0.378241667,359.229,0.598715,372.527,0.620878333,240.682,0.401136667,308.23,0.513716667,75.912,0.12652,75.912,0.065,1.01147352,1.533412162,5.282779412,11.28869697,15.042625,51.37166667,37.956
54A,54,E-L2 vs E-L2,U1,eye,A,1,8,F,Non-Native,593.545,297.61,147.374,0.245623333,169.483,0.282471667,195.009,0.325015,29.594,0.049323333,0,0,0,0,0,0,0,0,4.210685714,12.10592857,21.66766667,14.797,0,0,0
54B,54,E-L2 vs E-L2,U2,eye,A,1,8,F,Non-Native,602.569,227.497,300.612,0.50102,285.171,0.475285,250.977,0.418295,281.199,0.468665,228.601,0.381001667,169.68,0.2828,0,0,0,0,1.810915663,3.477695122,4.563218182,10.41477778,22.8601,84.84,0
54A,54,E-L2 vs E-L2,U1,wing,V,2,8,F,Non-Native,604.015,292.984,245.554,0.409256667,291.187,0.485311667,337.894,0.563156667,199.658,0.332763333,104.215,0.173691667,476.539,0.794231667,0,0,0,0,1.272300518,3.001927835,6.257296296,7.130642857,10.4215,158.8463333,0
54B,54,E-L2 vs E-L2,U2,wing,V,2,8,F,Non-Native,603.898,295.499,280.943,0.468238333,297.342,0.49557,271.4,0.452333333,245.089,0.408481667,8.44,0.014066667,0,0,0,0,0,0,1.35721256,3.812076923,6.958974359,27.23211111,8.44,0,0
54A,54,E-L2 vs E-L2,U1,thumb,F,3,8,F,Non-Native,603.548,255.375,275.543,0.459238333,341.904,0.56984,288.196,0.480326667,331.082,0.551803333,334.782,0.55797,0,0,0,0,0,0,1.640136905,4.070285714,5.88155102,19.47541176,167.391,0,0
54B,54,E-L2 vs E-L2,U2,thumb,F,3,8,F,Non-Native,603.568,299.373,270.508,0.450846667,265.652,0.442753333,273.625,0.456041667,279.249,0.465415,178.065,0.296775,79.221,0.132035,0,0,0,0,1.373137056,2.826085106,6.21875,15.51383333,35.613,79.221,0